seq,ts,kind,book,decl_sha,prev_hash,row_hash,symbol,occ,side,arm,order_type,qty,quote_bid,quote_ask,quote_mid,limit_price,fill_price,submitted_ts,filled_ts,time_to_fill_s,fate,fallback,venue,refusal_code,detail,structure_id,leg_index,net_cost,skip_reason
00000001,2026-08-25T05:28:19,selfcheck,f3_bear_puts,c10a70e074ccbc31ad2b412fb08bf00e06cdc45a0987d726be674ac1db6129e8,c10a70e074ccbc31ad2b412fb08bf00e06cdc45a0987d726be674ac1db6129e8,4f78d477f83bfebcf640667c2da138dd026f5f92b133bf1ed6f3a99f60b67421,,,,,,,,,,,,,,,pass,,,,2979fcf7753b60af29b4cf0403265cab52c89e381ebbd4344a53bb9355cbcc0c,,,,
00000002,2026-08-26T23:46:05,selfcheck,f3_bear_puts,c10a70e074ccbc31ad2b412fb08bf00e06cdc45a0987d726be674ac1db6129e8,4f78d477f83bfebcf640667c2da138dd026f5f92b133bf1ed6f3a99f60b67421,8691c7626b12d62bf42090899a2f28effb0fe6334d80792ecc204983be84711b,,,,,,,,,,,,,,,pass,,,,6f0f61496395c533cf4314c0e5bb15871c20cfc57d376a2cc07defd082200bdf,,,,
00000003,2026-08-26T23:47:11,fill,f3_bear_puts,c10a70e074ccbc31ad2b412fb08bf00e06cdc45a0987d726be674ac1db6129e8,8691c7626b12d62bf42090899a2f28effb0fe6334d80792ecc204983be84711b,0539163beb932df5988fee2c064c8b46686f3b5e4d23f665fce904da6ee7e4be,NKE,NKE261016P00032500,buy_to_open,B,market,1,0.46,0.48,0.47,0.47,,2026-08-26T23:47:07,,,working,B-fallback,,,"Tradier sandbox quotes are delayed ~15 minutes and fills are simulated against them, so a measured cost BELOW the model is the direction the measurement error already points and is weak evidence; a measured cost ABOVE the model runs against the bias.",,,,
00000004,2026-08-26T23:47:11,fill,f3_bear_puts,c10a70e074ccbc31ad2b412fb08bf00e06cdc45a0987d726be674ac1db6129e8,0539163beb932df5988fee2c064c8b46686f3b5e4d23f665fce904da6ee7e4be,52b44398966790d08fbea6401282272cb09ff570164f5e6779807d7c18c0ff21,LOW,LOW261016P00180000,buy_to_open,A,market,1,0.35,1.2,0.775,,,2026-08-26T23:47:09,,,working,,,,"Tradier sandbox quotes are delayed ~15 minutes and fills are simulated against them, so a measured cost BELOW the model is the direction the measurement error already points and is weak evidence; a measured cost ABOVE the model runs against the bias.",,,,
00000005,2026-08-26T23:47:11,fill,f3_bear_puts,c10a70e074ccbc31ad2b412fb08bf00e06cdc45a0987d726be674ac1db6129e8,52b44398966790d08fbea6401282272cb09ff570164f5e6779807d7c18c0ff21,1cad5ec44576be29f2fcc29915494da115cc6144bb6f944e7b1e9ef2f158e310,ADP,ADP261016P00240000,buy_to_open,A,market,1,1.1,1.9,1.5,,,2026-08-26T23:47:10,,,working,,,,"Tradier sandbox quotes are delayed ~15 minutes and fills are simulated against them, so a measured cost BELOW the model is the direction the measurement error already points and is weak evidence; a measured cost ABOVE the model runs against the bias.",,,,
00000006,2026-08-26T23:49:04,fill,f3_bear_puts,c10a70e074ccbc31ad2b412fb08bf00e06cdc45a0987d726be674ac1db6129e8,1cad5ec44576be29f2fcc29915494da115cc6144bb6f944e7b1e9ef2f158e310,2169782f55368212e70d3c5c6caf25615de1a2c04b48f59d85683e4ee6c16106,NKE,NKE261016P00032500,buy_to_open,B,market,1,0.46,0.48,0.47,0.47,,2026-08-26T23:49:00,,,working,B-fallback,,,"Tradier sandbox quotes are delayed ~15 minutes and fills are simulated against them, so a measured cost BELOW the model is the direction the measurement error already points and is weak evidence; a measured cost ABOVE the model runs against the bias.",,,,
00000007,2026-08-26T23:49:04,fill,f3_bear_puts,c10a70e074ccbc31ad2b412fb08bf00e06cdc45a0987d726be674ac1db6129e8,2169782f55368212e70d3c5c6caf25615de1a2c04b48f59d85683e4ee6c16106,a6dad2ea3ab4256230839ea4d6f70294d8eca72d1b72b9b4513a812ac4b592e3,LOW,LOW261016P00180000,buy_to_open,A,market,1,0.35,1.2,0.775,,,2026-08-26T23:49:02,,,working,,,,"Tradier sandbox quotes are delayed ~15 minutes and fills are simulated against them, so a measured cost BELOW the model is the direction the measurement error already points and is weak evidence; a measured cost ABOVE the model runs against the bias.",,,,
00000008,2026-08-26T23:49:04,fill,f3_bear_puts,c10a70e074ccbc31ad2b412fb08bf00e06cdc45a0987d726be674ac1db6129e8,a6dad2ea3ab4256230839ea4d6f70294d8eca72d1b72b9b4513a812ac4b592e3,ae6516835fdcb406f1ff76106ebf094fed94e273591ab725d2afaa1b9494255e,ADP,ADP261016P00240000,buy_to_open,A,market,1,1.1,1.9,1.5,,,2026-08-26T23:49:03,,,working,,,,"Tradier sandbox quotes are delayed ~15 minutes and fills are simulated against them, so a measured cost BELOW the model is the direction the measurement error already points and is weak evidence; a measured cost ABOVE the model runs against the bias.",,,,
00000009,2026-08-27T03:22:16,fill,f3_bear_puts,c10a70e074ccbc31ad2b412fb08bf00e06cdc45a0987d726be674ac1db6129e8,ae6516835fdcb406f1ff76106ebf094fed94e273591ab725d2afaa1b9494255e,1a28d82b9e608359c42bbedb0d92f6ff42f642dc1b895d3d6fa70e6872ca9f87,NKE,NKE261016P00032500,buy_to_open,B,market,1,0.46,0.48,0.47,0.47,,2026-08-27T03:20:10,,,working,B-fallback,,,"Tradier sandbox quotes are delayed ~15 minutes and fills are simulated against them, so a measured cost BELOW the model is the direction the measurement error already points and is weak evidence; a measured cost ABOVE the model runs against the bias.",,,,
00000010,2026-08-27T03:22:16,fill,f3_bear_puts,c10a70e074ccbc31ad2b412fb08bf00e06cdc45a0987d726be674ac1db6129e8,1a28d82b9e608359c42bbedb0d92f6ff42f642dc1b895d3d6fa70e6872ca9f87,c01e1d11bbcb5b4a9e46573d4387d59c870b9b1c3b4a93fd5a3581922a1db3a8,LOW,LOW261016P00180000,buy_to_open,B,market,1,0.35,1.2,0.775,0.775,,2026-08-27T03:21:12,,,working,B-fallback,,,"Tradier sandbox quotes are delayed ~15 minutes and fills are simulated against them, so a measured cost BELOW the model is the direction the measurement error already points and is weak evidence; a measured cost ABOVE the model runs against the bias.",,,,
00000011,2026-08-27T03:22:16,fill,f3_bear_puts,c10a70e074ccbc31ad2b412fb08bf00e06cdc45a0987d726be674ac1db6129e8,c01e1d11bbcb5b4a9e46573d4387d59c870b9b1c3b4a93fd5a3581922a1db3a8,4641f399a11c37e552da4f9b5066c972ed3d7abb68d07cb0eda32708f4c6e687,ADP,ADP261016P00240000,buy_to_open,B,market,1,1.1,1.9,1.5,1.5,,2026-08-27T03:22:15,,,working,B-fallback,,,"Tradier sandbox quotes are delayed ~15 minutes and fills are simulated against them, so a measured cost BELOW the model is the direction the measurement error already points and is weak evidence; a measured cost ABOVE the model runs against the bias.",,,,
00000012,2026-08-27T12:37:20,selfcheck,f3_bear_puts,c10a70e074ccbc31ad2b412fb08bf00e06cdc45a0987d726be674ac1db6129e8,4641f399a11c37e552da4f9b5066c972ed3d7abb68d07cb0eda32708f4c6e687,229636ff3e79739ed4c4285800cf9d7e4f18721389c0013b2b0b2425d742d5af,,,,,,,,,,,,,,,pass,,,,2cf9f447ba246d011abc253b53ab13e11a0e113a0bd62bed23b042db5efeaab1,,,,
00000013,2026-08-27T12:41:02,fill,f3_bear_puts,c10a70e074ccbc31ad2b412fb08bf00e06cdc45a0987d726be674ac1db6129e8,229636ff3e79739ed4c4285800cf9d7e4f18721389c0013b2b0b2425d742d5af,75c1d4a64697a6cd50f56a9979c57479b011cb7676993b55cf6b300a061047f6,NKE,NKE261016P00032500,buy_to_open,B,market,1,0.46,0.48,0.47,0.47,,2026-08-27T12:38:57,,,working,B-fallback,,,"Tradier sandbox quotes are delayed ~15 minutes and fills are simulated against them, so a measured cost BELOW the model is the direction the measurement error already points and is weak evidence; a measured cost ABOVE the model runs against the bias.",,,,
00000014,2026-08-27T12:41:02,fill,f3_bear_puts,c10a70e074ccbc31ad2b412fb08bf00e06cdc45a0987d726be674ac1db6129e8,75c1d4a64697a6cd50f56a9979c57479b011cb7676993b55cf6b300a061047f6,a3948e9ddd81e8d56a8774022345f0e8f50bc472f68048b5862faa520d8eb696,LOW,LOW261016P00180000,buy_to_open,B,market,1,0.35,1.2,0.775,0.775,,2026-08-27T12:40:00,,,working,B-fallback,,,"Tradier sandbox quotes are delayed ~15 minutes and fills are simulated against them, so a measured cost BELOW the model is the direction the measurement error already points and is weak evidence; a measured cost ABOVE the model runs against the bias.",,,,
00000015,2026-08-27T12:41:02,fill,f3_bear_puts,c10a70e074ccbc31ad2b412fb08bf00e06cdc45a0987d726be674ac1db6129e8,a3948e9ddd81e8d56a8774022345f0e8f50bc472f68048b5862faa520d8eb696,a73023f71bfaf4c848ad4825abf7861f4a54da0aba42968bb72fbc8bf0ef6cb9,ADP,ADP261016P00240000,buy_to_open,B,market,1,1.1,1.9,1.5,1.5,,2026-08-27T12:41:02,,,working,B-fallback,,,"Tradier sandbox quotes are delayed ~15 minutes and fills are simulated against them, so a measured cost BELOW the model is the direction the measurement error already points and is weak evidence; a measured cost ABOVE the model runs against the bias.",,,,
00000016,2026-08-27T12:42:30,fill,f3_bear_puts,c10a70e074ccbc31ad2b412fb08bf00e06cdc45a0987d726be674ac1db6129e8,a73023f71bfaf4c848ad4825abf7861f4a54da0aba42968bb72fbc8bf0ef6cb9,0379aa02eb0f33104bd289527659e4eac0f03652b2b0912df45a66fa0af1490f,NKE,NKE261016P00032500,buy_to_open,B,market,1,0.46,0.48,0.47,0.47,,2026-08-27T12:40:23,,,working,B-fallback,,,"Tradier sandbox quotes are delayed ~15 minutes and fills are simulated against them, so a measured cost BELOW the model is the direction the measurement error already points and is weak evidence; a measured cost ABOVE the model runs against the bias.",,,,
00000017,2026-08-27T12:42:30,fill,f3_bear_puts,c10a70e074ccbc31ad2b412fb08bf00e06cdc45a0987d726be674ac1db6129e8,0379aa02eb0f33104bd289527659e4eac0f03652b2b0912df45a66fa0af1490f,c51493509c73fa74796b6d90684bb720df01922e9ea52f3a8c3eaf96d310e08a,LOW,LOW261016P00180000,buy_to_open,B,market,1,0.35,1.2,0.775,0.775,,2026-08-27T12:41:26,,,working,B-fallback,,,"Tradier sandbox quotes are delayed ~15 minutes and fills are simulated against them, so a measured cost BELOW the model is the direction the measurement error already points and is weak evidence; a measured cost ABOVE the model runs against the bias.",,,,
00000018,2026-08-27T12:42:30,fill,f3_bear_puts,c10a70e074ccbc31ad2b412fb08bf00e06cdc45a0987d726be674ac1db6129e8,c51493509c73fa74796b6d90684bb720df01922e9ea52f3a8c3eaf96d310e08a,6511921bc2845fe211c266dfb1423ddf4d2cf25fdba794372ee9b65114847b03,ADP,ADP261016P00240000,buy_to_open,B,market,1,1.1,1.9,1.5,1.5,,2026-08-27T12:42:29,,,working,B-fallback,,,"Tradier sandbox quotes are delayed ~15 minutes and fills are simulated against them, so a measured cost BELOW the model is the direction the measurement error already points and is weak evidence; a measured cost ABOVE the model runs against the bias.",,,,
00000019,2026-08-27T13:19:49,selfcheck,f3_bear_puts,c10a70e074ccbc31ad2b412fb08bf00e06cdc45a0987d726be674ac1db6129e8,6511921bc2845fe211c266dfb1423ddf4d2cf25fdba794372ee9b65114847b03,8a859e1989ca2e1e9830e6082490a7808157aaae4315cd546b293fc89c75887a,,,,,,,,,,,,,,,pass,,,,a5225481968ae261b2ac01449c38f5880c5c85dd9ffe8349d4365b4eb5bb7fa1,,,,
00000020,2026-08-27T13:22:57,fill,f3_bear_puts,c10a70e074ccbc31ad2b412fb08bf00e06cdc45a0987d726be674ac1db6129e8,8a859e1989ca2e1e9830e6082490a7808157aaae4315cd546b293fc89c75887a,2caaca798f6d924c9c6b5dd464f8e59d27b57f38eb91c570d632d2b1c49fb9d5,NKE,NKE261016P00032500,buy_to_open,B,market,1,0.46,0.48,0.47,0.47,,2026-08-27T13:20:51,,,working,B-fallback,,,"Tradier sandbox quotes are delayed ~15 minutes and fills are simulated against them, so a measured cost BELOW the model is the direction the measurement error already points and is weak evidence; a measured cost ABOVE the model runs against the bias.",,,,
00000021,2026-08-27T13:22:57,fill,f3_bear_puts,c10a70e074ccbc31ad2b412fb08bf00e06cdc45a0987d726be674ac1db6129e8,2caaca798f6d924c9c6b5dd464f8e59d27b57f38eb91c570d632d2b1c49fb9d5,7e873e261d456d771e5927b638fbe77fbbafa48b8f0c160f36c3ac2529c25f2d,LOW,LOW261016P00180000,buy_to_open,B,market,1,0.35,1.2,0.775,0.775,,2026-08-27T13:21:54,,,working,B-fallback,,,"Tradier sandbox quotes are delayed ~15 minutes and fills are simulated against them, so a measured cost BELOW the model is the direction the measurement error already points and is weak evidence; a measured cost ABOVE the model runs against the bias.",,,,
00000022,2026-08-27T13:22:57,fill,f3_bear_puts,c10a70e074ccbc31ad2b412fb08bf00e06cdc45a0987d726be674ac1db6129e8,7e873e261d456d771e5927b638fbe77fbbafa48b8f0c160f36c3ac2529c25f2d,b55cd619fbf8268488af7f6629c8ad0484db545c631eabb7fd6b35ded6e1bb61,ADP,ADP261016P00240000,buy_to_open,B,market,1,1.1,1.9,1.5,1.5,,2026-08-27T13:22:57,,,working,B-fallback,,,"Tradier sandbox quotes are delayed ~15 minutes and fills are simulated against them, so a measured cost BELOW the model is the direction the measurement error already points and is weak evidence; a measured cost ABOVE the model runs against the bias.",,,,
00000023,2026-08-28T06:08:00,selfcheck,f3_bear_puts,c10a70e074ccbc31ad2b412fb08bf00e06cdc45a0987d726be674ac1db6129e8,b55cd619fbf8268488af7f6629c8ad0484db545c631eabb7fd6b35ded6e1bb61,1a66a285c2083d88a5e31c2d2452314491a463c380cc9cb6b6c7ff5ce7687c8e,,,,,,,,,,,,,,,pass,,,,7aae95b893774cf0e41281f09b44d2d548029e97fad1d97845f7528192be0938,,,,
00000024,2026-08-28T06:09:06,fill,f3_bear_puts,c10a70e074ccbc31ad2b412fb08bf00e06cdc45a0987d726be674ac1db6129e8,1a66a285c2083d88a5e31c2d2452314491a463c380cc9cb6b6c7ff5ce7687c8e,2ab3e68b42022044f2f61903a7e64275520b23a2165d41687019747ec823faeb,LOW,LOW261016P00175000,buy_to_open,B,market,1,0.15,1.1,0.625,0.625,,2026-08-28T06:09:02,,,working,B-fallback,,,"Tradier sandbox quotes are delayed ~15 minutes and fills are simulated against them, so a measured cost BELOW the model is the direction the measurement error already points and is weak evidence; a measured cost ABOVE the model runs against the bias.",,,,
00000025,2026-08-28T06:09:06,fill,f3_bear_puts,c10a70e074ccbc31ad2b412fb08bf00e06cdc45a0987d726be674ac1db6129e8,2ab3e68b42022044f2f61903a7e64275520b23a2165d41687019747ec823faeb,f04f8db5b245b4550ea7b77e8a4e14be41cdad3668645639d112b09d853647c0,NKE,NKE261016P00032500,buy_to_open,A,market,1,0.4,0.49,0.445,,,2026-08-28T06:09:04,,,working,,,,"Tradier sandbox quotes are delayed ~15 minutes and fills are simulated against them, so a measured cost BELOW the model is the direction the measurement error already points and is weak evidence; a measured cost ABOVE the model runs against the bias.",,,,
00000026,2026-08-28T06:09:06,fill,f3_bear_puts,c10a70e074ccbc31ad2b412fb08bf00e06cdc45a0987d726be674ac1db6129e8,f04f8db5b245b4550ea7b77e8a4e14be41cdad3668645639d112b09d853647c0,eea6338a638c616d4356ec626fc79e982d88919c618304db26a1c223b8040e87,TJX,TJX261016P00115000,buy_to_open,A,market,1,0.15,0.4,0.275,,,2026-08-28T06:09:05,,,working,,,,"Tradier sandbox quotes are delayed ~15 minutes and fills are simulated against them, so a measured cost BELOW the model is the direction the measurement error already points and is weak evidence; a measured cost ABOVE the model runs against the bias.",,,,
00000027,2026-08-29T03:44:12,fill,f3_bear_puts,c10a70e074ccbc31ad2b412fb08bf00e06cdc45a0987d726be674ac1db6129e8,eea6338a638c616d4356ec626fc79e982d88919c618304db26a1c223b8040e87,e7367746f28ec73b50894c8a227f89560aa65ce86a5a0a6ccd55f5403fc7a026,MPC,MPC261016P00310000,buy_to_open,A,market,1,3.6,4.4,4.0,,,2026-08-29T03:43:07,,,working,,,,"Tradier sandbox quotes are delayed ~15 minutes and fills are simulated against them, so a measured cost BELOW the model is the direction the measurement error already points and is weak evidence; a measured cost ABOVE the model runs against the bias.",,,,
00000028,2026-08-29T03:44:12,fill,f3_bear_puts,c10a70e074ccbc31ad2b412fb08bf00e06cdc45a0987d726be674ac1db6129e8,e7367746f28ec73b50894c8a227f89560aa65ce86a5a0a6ccd55f5403fc7a026,7e8ee53f448efefbc724111f89e4a8ae29250a1d2a97470b6458b0df4321cd65,ORLY,ORLY261016P00075000,buy_to_open,B,market,1,0.0,0.55,0.275,0.275,,2026-08-29T03:44:10,,,working,B-fallback,,,"Tradier sandbox quotes are delayed ~15 minutes and fills are simulated against them, so a measured cost BELOW the model is the direction the measurement error already points and is weak evidence; a measured cost ABOVE the model runs against the bias.",,,,
00000029,2026-08-29T03:44:12,fill,f3_bear_puts,c10a70e074ccbc31ad2b412fb08bf00e06cdc45a0987d726be674ac1db6129e8,7e8ee53f448efefbc724111f89e4a8ae29250a1d2a97470b6458b0df4321cd65,fe9ad2f0792aeaf130d2a93191d4c645e90991668cc3f4fa6dd9516a24f02cc4,DHI,DHI261016P00125000,buy_to_open,A,market,1,0.55,1.5,1.025,,,2026-08-29T03:44:11,,,working,,,,"Tradier sandbox quotes are delayed ~15 minutes and fills are simulated against them, so a measured cost BELOW the model is the direction the measurement error already points and is weak evidence; a measured cost ABOVE the model runs against the bias.",,,,
00000030,2026-09-02T00:17:18,fill,f3_bear_puts,c10a70e074ccbc31ad2b412fb08bf00e06cdc45a0987d726be674ac1db6129e8,fe9ad2f0792aeaf130d2a93191d4c645e90991668cc3f4fa6dd9516a24f02cc4,1a5acc00501f762122d33921d2c29f4295fb4fca5b0ad631460db71d5df49283,LOW,LOW260904P00170000,buy_to_open,B,market,1,0.0,2.15,1.075,1.075,,2026-09-02T00:16:14,,,working,B-fallback,,,"Tradier sandbox quotes are delayed ~15 minutes and fills are simulated against them, so a measured cost BELOW the model is the direction the measurement error already points and is weak evidence; a measured cost ABOVE the model runs against the bias.",,,,
00000031,2026-09-02T00:17:18,fill,f3_bear_puts,c10a70e074ccbc31ad2b412fb08bf00e06cdc45a0987d726be674ac1db6129e8,1a5acc00501f762122d33921d2c29f4295fb4fca5b0ad631460db71d5df49283,f4d6a7c7f4beab47bc434bbba1c519c12ecdce94c4fdd50df01b7969d5992dba,LULU,LULU260904P00100000,buy_to_open,B,market,1,0.4,0.48,0.44,0.44,,2026-09-02T00:17:17,,,working,B-fallback,,,"Tradier sandbox quotes are delayed ~15 minutes and fills are simulated against them, so a measured cost BELOW the model is the direction the measurement error already points and is weak evidence; a measured cost ABOVE the model runs against the bias.",,,,
00000032,2026-09-02T00:17:18,fill,f3_bear_puts,c10a70e074ccbc31ad2b412fb08bf00e06cdc45a0987d726be674ac1db6129e8,f4d6a7c7f4beab47bc434bbba1c519c12ecdce94c4fdd50df01b7969d5992dba,883e70b3daa46738720f522d9c7fc5c072cc7af051f48aa7b87a7758af0d3afa,AIG,AIG260904P00064000,buy_to_open,A,market,1,0.0,2.15,1.075,,,2026-09-02T00:17:18,,,working,,,,"Tradier sandbox quotes are delayed ~15 minutes and fills are simulated against them, so a measured cost BELOW the model is the direction the measurement error already points and is weak evidence; a measured cost ABOVE the model runs against the bias.",,,,
00000033,2026-09-05T00:08:08,fill,f3_bear_puts,c10a70e074ccbc31ad2b412fb08bf00e06cdc45a0987d726be674ac1db6129e8,883e70b3daa46738720f522d9c7fc5c072cc7af051f48aa7b87a7758af0d3afa,87db5606b3488adfcd2b9956d5cb98df95e84230f5b8849460ad8607d107c15c,LULU,LULU261023P00085000,buy_to_open,A,market,1,0.74,1.04,0.89,,,2026-09-05T00:07:04,,,working,,,,"Tradier sandbox quotes are delayed ~15 minutes and fills are simulated against them, so a measured cost BELOW the model is the direction the measurement error already points and is weak evidence; a measured cost ABOVE the model runs against the bias.",,,,
00000034,2026-09-05T00:08:08,fill,f3_bear_puts,c10a70e074ccbc31ad2b412fb08bf00e06cdc45a0987d726be674ac1db6129e8,87db5606b3488adfcd2b9956d5cb98df95e84230f5b8849460ad8607d107c15c,214c9139b6c306dc10bd5bca280fb117dd5c43d9f86a5770485713b4da809787,PEP,PEP261023P00115000,buy_to_open,B,market,1,0.0,2.34,1.17,1.17,,2026-09-05T00:08:06,,,working,B-fallback,,,"Tradier sandbox quotes are delayed ~15 minutes and fills are simulated against them, so a measured cost BELOW the model is the direction the measurement error already points and is weak evidence; a measured cost ABOVE the model runs against the bias.",,,,
00000035,2026-09-05T00:08:08,fill,f3_bear_puts,c10a70e074ccbc31ad2b412fb08bf00e06cdc45a0987d726be674ac1db6129e8,214c9139b6c306dc10bd5bca280fb117dd5c43d9f86a5770485713b4da809787,7e8841c00e4361392142c6e18297e478ef5804437378800d45ac832b3bf1d463,MCD,MCD261023P00215000,buy_to_open,A,market,1,0.0,1.41,0.705,,,2026-09-05T00:08:08,,,working,,,,"Tradier sandbox quotes are delayed ~15 minutes and fills are simulated against them, so a measured cost BELOW the model is the direction the measurement error already points and is weak evidence; a measured cost ABOVE the model runs against the bias.",,,,
00000036,2026-09-08T00:27:44,fill,f3_bear_puts,c10a70e074ccbc31ad2b412fb08bf00e06cdc45a0987d726be674ac1db6129e8,7e8841c00e4361392142c6e18297e478ef5804437378800d45ac832b3bf1d463,95107d51c5ab68f05e95388aa05bf0f23900afd8a7a8a44c1e8a70f6b891af62,LULU,LULU261120P00085000,buy_to_open,B,market,1,1.59,1.94,1.765,1.765,,2026-09-08T00:26:38,,,working,B-fallback,,,"Tradier sandbox quotes are delayed ~15 minutes and fills are simulated against them, so a measured cost BELOW the model is the direction the measurement error already points and is weak evidence; a measured cost ABOVE the model runs against the bias.",,,,
00000037,2026-09-08T00:27:44,fill,f3_bear_puts,c10a70e074ccbc31ad2b412fb08bf00e06cdc45a0987d726be674ac1db6129e8,95107d51c5ab68f05e95388aa05bf0f23900afd8a7a8a44c1e8a70f6b891af62,3271f0a94675f7d2d19c60ee4c6850241e946e95a9ce2bae3f4c3062c4fd366d,PEP,PEP261120P00115000,buy_to_open,B,market,1,0.26,0.49,0.375,0.375,,2026-09-08T00:27:42,,,working,B-fallback,,,"Tradier sandbox quotes are delayed ~15 minutes and fills are simulated against them, so a measured cost BELOW the model is the direction the measurement error already points and is weak evidence; a measured cost ABOVE the model runs against the bias.",,,,
00000038,2026-09-08T00:27:44,fill,f3_bear_puts,c10a70e074ccbc31ad2b412fb08bf00e06cdc45a0987d726be674ac1db6129e8,3271f0a94675f7d2d19c60ee4c6850241e946e95a9ce2bae3f4c3062c4fd366d,898d90178e475c4763a3a748a778f144c18686da06739c33966b4f6c9799638f,MCD,MCD261120P00215000,buy_to_open,A,market,1,0.25,0.7,0.475,,,2026-09-08T00:27:43,,,working,,,,"Tradier sandbox quotes are delayed ~15 minutes and fills are simulated against them, so a measured cost BELOW the model is the direction the measurement error already points and is weak evidence; a measured cost ABOVE the model runs against the bias.",,,,
00000039,2026-09-09T00:16:50,fill,f3_bear_puts,c10a70e074ccbc31ad2b412fb08bf00e06cdc45a0987d726be674ac1db6129e8,898d90178e475c4763a3a748a778f144c18686da06739c33966b4f6c9799638f,365c55556b3f6ba5d52e1809eb26d1c10eb8d00a25a98dd486ccbbc31a135ea0,LULU,LULU261120P00090000,buy_to_open,A,market,1,2.26,2.52,2.39,,,2026-09-09T00:15:46,,,working,,,,"Tradier sandbox quotes are delayed ~15 minutes and fills are simulated against them, so a measured cost BELOW the model is the direction the measurement error already points and is weak evidence; a measured cost ABOVE the model runs against the bias.",,,,
00000040,2026-09-09T00:16:50,fill,f3_bear_puts,c10a70e074ccbc31ad2b412fb08bf00e06cdc45a0987d726be674ac1db6129e8,365c55556b3f6ba5d52e1809eb26d1c10eb8d00a25a98dd486ccbbc31a135ea0,1a4fc8b6d134b1a1cd66b7447cb4b78bdafbeca58a836c17138cddac01b47d3b,DHI,DHI261120P00120000,buy_to_open,A,market,1,1.75,2.6,2.175,,,2026-09-09T00:15:47,,,working,,,,"Tradier sandbox quotes are delayed ~15 minutes and fills are simulated against them, so a measured cost BELOW the model is the direction the measurement error already points and is weak evidence; a measured cost ABOVE the model runs against the bias.",,,,
00000041,2026-09-09T00:16:50,fill,f3_bear_puts,c10a70e074ccbc31ad2b412fb08bf00e06cdc45a0987d726be674ac1db6129e8,1a4fc8b6d134b1a1cd66b7447cb4b78bdafbeca58a836c17138cddac01b47d3b,ebff3c2e0cface1cc3644a73e05c5e472e0ed45100c1d801dee346ed100d9dda,HCA,HCA261120P00340000,buy_to_open,B,market,1,3.2,5.3,4.25,4.25,,2026-09-09T00:16:50,,,working,B-fallback,,,"Tradier sandbox quotes are delayed ~15 minutes and fills are simulated against them, so a measured cost BELOW the model is the direction the measurement error already points and is weak evidence; a measured cost ABOVE the model runs against the bias.",,,,
00000042,2026-09-12T00:20:54,fill,f3_bear_puts,c10a70e074ccbc31ad2b412fb08bf00e06cdc45a0987d726be674ac1db6129e8,ebff3c2e0cface1cc3644a73e05c5e472e0ed45100c1d801dee346ed100d9dda,dbcceb79d85188b31a114a2c19829b0e63d4b8ca0876ba826d3d0fe4870db71a,PEP,PEP261120P00115000,buy_to_open,B,market,1,0.23,0.45,0.34,0.34,,2026-09-12T00:19:49,,,working,B-fallback,,,"Tradier sandbox quotes are delayed ~15 minutes and fills are simulated against them, so a measured cost BELOW the model is the direction the measurement error already points and is weak evidence; a measured cost ABOVE the model runs against the bias.",,,,
00000043,2026-09-12T00:20:54,fill,f3_bear_puts,c10a70e074ccbc31ad2b412fb08bf00e06cdc45a0987d726be674ac1db6129e8,dbcceb79d85188b31a114a2c19829b0e63d4b8ca0876ba826d3d0fe4870db71a,eb82f545dc5812ac4e53622dc2d54bc7b1d09b6934a7d0417fab8f34eef38d12,SPGI,SPGI261120P00350000,buy_to_open,B,market,1,3.2,4.2,3.7,3.7,,2026-09-12T00:20:52,,,working,B-fallback,,,"Tradier sandbox quotes are delayed ~15 minutes and fills are simulated against them, so a measured cost BELOW the model is the direction the measurement error already points and is weak evidence; a measured cost ABOVE the model runs against the bias.",,,,
00000044,2026-09-12T00:20:54,fill,f3_bear_puts,c10a70e074ccbc31ad2b412fb08bf00e06cdc45a0987d726be674ac1db6129e8,eb82f545dc5812ac4e53622dc2d54bc7b1d09b6934a7d0417fab8f34eef38d12,9527f970672a55cb5cf71047a3be3b103cb36bf9689a5d7ecb2359ca93b1e745,WMB,WMB261120P00060000,buy_to_open,A,market,1,0.25,0.5,0.375,,,2026-09-12T00:20:54,,,working,,,,"Tradier sandbox quotes are delayed ~15 minutes and fills are simulated against them, so a measured cost BELOW the model is the direction the measurement error already points and is weak evidence; a measured cost ABOVE the model runs against the bias.",,,,
00000045,2026-09-15T23:26:01,selfcheck,f3_bear_puts,c10a70e074ccbc31ad2b412fb08bf00e06cdc45a0987d726be674ac1db6129e8,9527f970672a55cb5cf71047a3be3b103cb36bf9689a5d7ecb2359ca93b1e745,02e825b49d788a5f1ce762682a40fd720456b44de92bbf2e6836fb6ad52741c6,,,,,,,,,,,,,,,pass,,,,b3564ffefcc075e182771ff98e748b0bac23d7cb1000e9c1d2f4fb228f223e60,,,,
00000046,2026-09-15T23:28:09,fill,f3_bear_puts,c10a70e074ccbc31ad2b412fb08bf00e06cdc45a0987d726be674ac1db6129e8,02e825b49d788a5f1ce762682a40fd720456b44de92bbf2e6836fb6ad52741c6,218e27115a00f4dd96c1efd031cccaae1b6c193fd5a0ae02ab12e3e55c9cdd3a,HD,HD261120P00260000,buy_to_open,A,market,1,1.35,2.26,1.805,,,2026-09-15T23:26:02,,,working,,,,"Tradier sandbox quotes are delayed ~15 minutes and fills are simulated against them, so a measured cost BELOW the model is the direction the measurement error already points and is weak evidence; a measured cost ABOVE the model runs against the bias.",,,,
00000047,2026-09-15T23:28:09,fill,f3_bear_puts,c10a70e074ccbc31ad2b412fb08bf00e06cdc45a0987d726be674ac1db6129e8,218e27115a00f4dd96c1efd031cccaae1b6c193fd5a0ae02ab12e3e55c9cdd3a,630378229003fe91bb5d8a572cfacbde1d5592d3ec2f0c98ec144845dce84c2b,LOW,LOW261030P00165000,buy_to_open,B,market,1,0.15,0.95,0.55,0.55,,2026-09-15T23:27:05,,,working,B-fallback,,,"Tradier sandbox quotes are delayed ~15 minutes and fills are simulated against them, so a measured cost BELOW the model is the direction the measurement error already points and is weak evidence; a measured cost ABOVE the model runs against the bias.",,,,
00000048,2026-09-15T23:28:10,fill,f3_bear_puts,c10a70e074ccbc31ad2b412fb08bf00e06cdc45a0987d726be674ac1db6129e8,630378229003fe91bb5d8a572cfacbde1d5592d3ec2f0c98ec144845dce84c2b,ef14a8780b17237579aeeb23f6308c430bd6081a88f4ff5bdd3dafea45a229ed,MCD,MCD261120P00215000,buy_to_open,B,market,1,0.4,0.75,0.575,0.575,,2026-09-15T23:28:09,,,working,B-fallback,,,"Tradier sandbox quotes are delayed ~15 minutes and fills are simulated against them, so a measured cost BELOW the model is the direction the measurement error already points and is weak evidence; a measured cost ABOVE the model runs against the bias.",,,,
00000049,2026-09-16T00:23:35,fill,f3_bear_puts,c10a70e074ccbc31ad2b412fb08bf00e06cdc45a0987d726be674ac1db6129e8,ef14a8780b17237579aeeb23f6308c430bd6081a88f4ff5bdd3dafea45a229ed,bb93a566ec466aad8fa20c8df0b304ce9b0e484883b326a295b4affb9ad93ad7,HD,HD261120P00260000,buy_to_open,B,market,1,1.35,2.26,1.805,1.805,,2026-09-16T00:22:32,,,working,B-fallback,,,"Tradier sandbox quotes are delayed ~15 minutes and fills are simulated against them, so a measured cost BELOW the model is the direction the measurement error already points and is weak evidence; a measured cost ABOVE the model runs against the bias.",,,,
00000050,2026-09-16T00:23:35,fill,f3_bear_puts,c10a70e074ccbc31ad2b412fb08bf00e06cdc45a0987d726be674ac1db6129e8,bb93a566ec466aad8fa20c8df0b304ce9b0e484883b326a295b4affb9ad93ad7,8b8c2abcf81e9ff4049ecc6a18ed48238a6739555b80be630be3930f38cf0a8d,LOW,LOW260918P00165000,buy_to_open,A,market,1,0.0,0.15,0.075,,,2026-09-16T00:22:33,,,working,,,,"Tradier sandbox quotes are delayed ~15 minutes and fills are simulated against them, so a measured cost BELOW the model is the direction the measurement error already points and is weak evidence; a measured cost ABOVE the model runs against the bias.",,,,
00000051,2026-09-16T00:23:35,fill,f3_bear_puts,c10a70e074ccbc31ad2b412fb08bf00e06cdc45a0987d726be674ac1db6129e8,8b8c2abcf81e9ff4049ecc6a18ed48238a6739555b80be630be3930f38cf0a8d,4a29d7e7caf957026670ce1fb2f6a07f0c94e503b605efc7def388e1405a31ae,MCD,MCD261120P00215000,buy_to_open,B,market,1,0.4,0.75,0.575,0.575,,2026-09-16T00:23:35,,,working,B-fallback,,,"Tradier sandbox quotes are delayed ~15 minutes and fills are simulated against them, so a measured cost BELOW the model is the direction the measurement error already points and is weak evidence; a measured cost ABOVE the model runs against the bias.",,,,
00000052,2026-09-18T00:20:20,fill,f3_bear_puts,c10a70e074ccbc31ad2b412fb08bf00e06cdc45a0987d726be674ac1db6129e8,4a29d7e7caf957026670ce1fb2f6a07f0c94e503b605efc7def388e1405a31ae,f55e1ecb5da4617c6113a98bb6b55062acfd74f1144690e26acb2176a6674675,TMUS,TMUS261120P00140000,buy_to_open,A,market,1,1.15,1.8,1.475,,,2026-09-18T00:20:16,,,working,,,,"Tradier sandbox quotes are delayed ~15 minutes and fills are simulated against them, so a measured cost BELOW the model is the direction the measurement error already points and is weak evidence; a measured cost ABOVE the model runs against the bias.",,,,
00000053,2026-09-18T00:20:20,fill,f3_bear_puts,c10a70e074ccbc31ad2b412fb08bf00e06cdc45a0987d726be674ac1db6129e8,f55e1ecb5da4617c6113a98bb6b55062acfd74f1144690e26acb2176a6674675,8f6d91aecea482b8c68fa723b61da59946f03ba5879b1aee96fa4202fce04410,MCD,MCD261120P00210000,buy_to_open,A,market,1,0.01,1.02,0.515,,,2026-09-18T00:20:18,,,working,,,,"Tradier sandbox quotes are delayed ~15 minutes and fills are simulated against them, so a measured cost BELOW the model is the direction the measurement error already points and is weak evidence; a measured cost ABOVE the model runs against the bias.",,,,
00000054,2026-09-18T00:20:20,fill,f3_bear_puts,c10a70e074ccbc31ad2b412fb08bf00e06cdc45a0987d726be674ac1db6129e8,8f6d91aecea482b8c68fa723b61da59946f03ba5879b1aee96fa4202fce04410,d4d3b3f93f3840c449d05b960089069cf4eb78adf31ca1e512178e06f66573f5,PEP,PEP261120P00115000,buy_to_open,A,market,1,0.18,0.55,0.365,,,2026-09-18T00:20:19,,,working,,,,"Tradier sandbox quotes are delayed ~15 minutes and fills are simulated against them, so a measured cost BELOW the model is the direction the measurement error already points and is weak evidence; a measured cost ABOVE the model runs against the bias.",,,,
00000055,2026-09-24T00:30:51,fill,f3_bear_puts,c10a70e074ccbc31ad2b412fb08bf00e06cdc45a0987d726be674ac1db6129e8,d4d3b3f93f3840c449d05b960089069cf4eb78adf31ca1e512178e06f66573f5,b1e40d41cc8c64ddb2d0fab4228668c0458e6e2488f50c3c6f51e8cd6860a891,TTD,TTD261120P00010000,buy_to_open,A,market,1,0.36,0.39,0.375,,,2026-09-24T00:30:48,,,working,,,,"Tradier sandbox quotes are delayed ~15 minutes and fills are simulated against them, so a measured cost BELOW the model is the direction the measurement error already points and is weak evidence; a measured cost ABOVE the model runs against the bias.",,,,
00000056,2026-09-24T00:30:51,fill,f3_bear_puts,c10a70e074ccbc31ad2b412fb08bf00e06cdc45a0987d726be674ac1db6129e8,b1e40d41cc8c64ddb2d0fab4228668c0458e6e2488f50c3c6f51e8cd6860a891,216e5628effa8b1df0773f232f014061c7f1624903534fa89db6a82b3e7a7c98,CHTR,CHTR261120P00100000,buy_to_open,A,market,1,3.9,4.9,4.4,,,2026-09-24T00:30:49,,,working,,,,"Tradier sandbox quotes are delayed ~15 minutes and fills are simulated against them, so a measured cost BELOW the model is the direction the measurement error already points and is weak evidence; a measured cost ABOVE the model runs against the bias.",,,,
00000057,2026-09-24T00:30:51,fill,f3_bear_puts,c10a70e074ccbc31ad2b412fb08bf00e06cdc45a0987d726be674ac1db6129e8,216e5628effa8b1df0773f232f014061c7f1624903534fa89db6a82b3e7a7c98,211eec6d936605ff75c9d0917cd291896c6e74fd513870514030e9576fff03fb,MCD,MCD261120P00205000,buy_to_open,A,market,1,0.55,0.69,0.62,,,2026-09-24T00:30:51,,,working,,,,"Tradier sandbox quotes are delayed ~15 minutes and fills are simulated against them, so a measured cost BELOW the model is the direction the measurement error already points and is weak evidence; a measured cost ABOVE the model runs against the bias.",,,,
00000058,2026-09-25T00:33:40,fill,f3_bear_puts,c10a70e074ccbc31ad2b412fb08bf00e06cdc45a0987d726be674ac1db6129e8,211eec6d936605ff75c9d0917cd291896c6e74fd513870514030e9576fff03fb,42ec3306456d46c1548f6e7c421a598987f9968b21baea64878a1fa39453fcfc,TTD,TTD261120P00010000,buy_to_open,A,market,1,0.37,0.41,0.39,,,2026-09-25T00:33:37,,,working,,,,"Tradier sandbox quotes are delayed ~15 minutes and fills are simulated against them, so a measured cost BELOW the model is the direction the measurement error already points and is weak evidence; a measured cost ABOVE the model runs against the bias.",,,,
00000059,2026-09-25T00:33:40,fill,f3_bear_puts,c10a70e074ccbc31ad2b412fb08bf00e06cdc45a0987d726be674ac1db6129e8,42ec3306456d46c1548f6e7c421a598987f9968b21baea64878a1fa39453fcfc,a4142a0deba5aa3808b4b3fc520a76d83c255f1d42eed56a7d1b6eb4fbd6aaec,LOW,LOW261120P00160000,buy_to_open,A,market,1,0.75,1.35,1.05,,,2026-09-25T00:33:38,,,working,,,,"Tradier sandbox quotes are delayed ~15 minutes and fills are simulated against them, so a measured cost BELOW the model is the direction the measurement error already points and is weak evidence; a measured cost ABOVE the model runs against the bias.",,,,
00000060,2026-09-25T00:33:40,fill,f3_bear_puts,c10a70e074ccbc31ad2b412fb08bf00e06cdc45a0987d726be674ac1db6129e8,a4142a0deba5aa3808b4b3fc520a76d83c255f1d42eed56a7d1b6eb4fbd6aaec,ab17b538f6e6560c63904ac013c74ec94b8662e8fb0e5ecfde81ced389952d37,MCD,MCD261120P00200000,buy_to_open,A,market,1,0.07,0.32,0.195,,,2026-09-25T00:33:40,,,working,,,,"Tradier sandbox quotes are delayed ~15 minutes and fills are simulated against them, so a measured cost BELOW the model is the direction the measurement error already points and is weak evidence; a measured cost ABOVE the model runs against the bias.",,,,
00000061,2026-09-29T02:00:03,fill,f3_bear_puts,c10a70e074ccbc31ad2b412fb08bf00e06cdc45a0987d726be674ac1db6129e8,ab17b538f6e6560c63904ac013c74ec94b8662e8fb0e5ecfde81ced389952d37,825aeacf1e05f3d7895eb5b914ae9fe178f996f8aa6a5208158baf283a5de566,LOW,LOW261120P00160000,buy_to_open,B,market,1,0.85,1.55,1.2,1.2,,2026-09-29T01:58:58,,,working,B-fallback,,,"Tradier sandbox quotes are delayed ~15 minutes and fills are simulated against them, so a measured cost BELOW the model is the direction the measurement error already points and is weak evidence; a measured cost ABOVE the model runs against the bias.",,,,
00000062,2026-09-29T02:00:03,fill,f3_bear_puts,c10a70e074ccbc31ad2b412fb08bf00e06cdc45a0987d726be674ac1db6129e8,825aeacf1e05f3d7895eb5b914ae9fe178f996f8aa6a5208158baf283a5de566,07c52a71d55979f8b9e30fd46edd6a63bfecf7bca9d3041d1e56177a97d1dd54,AIG,AIG261120P00060000,buy_to_open,A,market,1,0.1,0.75,0.425,,,2026-09-29T01:58:59,,,working,,,,"Tradier sandbox quotes are delayed ~15 minutes and fills are simulated against them, so a measured cost BELOW the model is the direction the measurement error already points and is weak evidence; a measured cost ABOVE the model runs against the bias.",,,,
00000063,2026-09-29T02:00:03,fill,f3_bear_puts,c10a70e074ccbc31ad2b412fb08bf00e06cdc45a0987d726be674ac1db6129e8,07c52a71d55979f8b9e30fd46edd6a63bfecf7bca9d3041d1e56177a97d1dd54,1bbabb5a5d83be5627ed3aacf273f9e8bcbaae870acfea7d4afd26d258c00d82,BA,BA261120P00155000,buy_to_open,B,market,1,1.16,1.23,1.195,1.195,,2026-09-29T02:00:03,,,working,B-fallback,,,"Tradier sandbox quotes are delayed ~15 minutes and fills are simulated against them, so a measured cost BELOW the model is the direction the measurement error already points and is weak evidence; a measured cost ABOVE the model runs against the bias.",,,,
00000064,2026-09-30T10:11:54,fill,f3_bear_puts,c10a70e074ccbc31ad2b412fb08bf00e06cdc45a0987d726be674ac1db6129e8,1bbabb5a5d83be5627ed3aacf273f9e8bcbaae870acfea7d4afd26d258c00d82,ca7123e7f85d438d60fe9e532a4dc7395a5924bce6ed40705da798f215c5079a,TTD,TTD261120P00010000,buy_to_open,B,market,1,0.43,0.59,0.51,0.51,,2026-09-30T10:10:50,,,working,B-fallback,,,"Tradier sandbox quotes are delayed ~15 minutes and fills are simulated against them, so a measured cost BELOW the model is the direction the measurement error already points and is weak evidence; a measured cost ABOVE the model runs against the bias.",,,,
00000065,2026-09-30T10:11:54,fill,f3_bear_puts,c10a70e074ccbc31ad2b412fb08bf00e06cdc45a0987d726be674ac1db6129e8,ca7123e7f85d438d60fe9e532a4dc7395a5924bce6ed40705da798f215c5079a,12f010f422da25bfb14e0324aa9e8a856175f2566a41dda99f4f8901284e4e22,CI,CI261120P00230000,buy_to_open,B,market,1,1.45,2.7,2.075,2.075,,2026-09-30T10:11:52,,,working,B-fallback,,,"Tradier sandbox quotes are delayed ~15 minutes and fills are simulated against them, so a measured cost BELOW the model is the direction the measurement error already points and is weak evidence; a measured cost ABOVE the model runs against the bias.",,,,
00000066,2026-09-30T10:11:54,fill,f3_bear_puts,c10a70e074ccbc31ad2b412fb08bf00e06cdc45a0987d726be674ac1db6129e8,12f010f422da25bfb14e0324aa9e8a856175f2566a41dda99f4f8901284e4e22,43a31f6d564b954789e0a7837fac36293b0d921c1fb31c9a94fdc52ac776a954,MDLZ,MDLZ261120P00050000,buy_to_open,A,market,1,0.0,0.25,0.125,,,2026-09-30T10:11:54,,,working,,,,"Tradier sandbox quotes are delayed ~15 minutes and fills are simulated against them, so a measured cost BELOW the model is the direction the measurement error already points and is weak evidence; a measured cost ABOVE the model runs against the bias.",,,,
00000067,2026-09-30T11:51:27,fill,f3_bear_puts,c10a70e074ccbc31ad2b412fb08bf00e06cdc45a0987d726be674ac1db6129e8,43a31f6d564b954789e0a7837fac36293b0d921c1fb31c9a94fdc52ac776a954,e67b6cca367ce077b9ba29eae672c49f62f80332e3d387b6af1bf359a180d3d4,TTD,TTD261120P00010000,buy_to_open,B,market,1,0.43,0.59,0.51,0.51,,2026-09-30T11:50:22,,,working,B-fallback,,,"Tradier sandbox quotes are delayed ~15 minutes and fills are simulated against them, so a measured cost BELOW the model is the direction the measurement error already points and is weak evidence; a measured cost ABOVE the model runs against the bias.",,,,
00000068,2026-09-30T11:51:27,fill,f3_bear_puts,c10a70e074ccbc31ad2b412fb08bf00e06cdc45a0987d726be674ac1db6129e8,e67b6cca367ce077b9ba29eae672c49f62f80332e3d387b6af1bf359a180d3d4,f7f66cdb9894676232890b5a0616fcd02bb2cc294df317c53dbb4631ef05852f,CI,CI261120P00230000,buy_to_open,B,market,1,1.45,2.7,2.075,2.075,,2026-09-30T11:51:25,,,working,B-fallback,,,"Tradier sandbox quotes are delayed ~15 minutes and fills are simulated against them, so a measured cost BELOW the model is the direction the measurement error already points and is weak evidence; a measured cost ABOVE the model runs against the bias.",,,,
00000069,2026-09-30T11:51:27,fill,f3_bear_puts,c10a70e074ccbc31ad2b412fb08bf00e06cdc45a0987d726be674ac1db6129e8,f7f66cdb9894676232890b5a0616fcd02bb2cc294df317c53dbb4631ef05852f,e27f70658a97722feb07ca36393501454ce706c93b7be0f769c680a46c5822b1,MDLZ,MDLZ261120P00050000,buy_to_open,A,market,1,0.0,0.25,0.125,,,2026-09-30T11:51:26,,,working,,,,"Tradier sandbox quotes are delayed ~15 minutes and fills are simulated against them, so a measured cost BELOW the model is the direction the measurement error already points and is weak evidence; a measured cost ABOVE the model runs against the bias.",,,,
00000070,2026-10-01T01:19:56,fill,f3_bear_puts,c10a70e074ccbc31ad2b412fb08bf00e06cdc45a0987d726be674ac1db6129e8,e27f70658a97722feb07ca36393501454ce706c93b7be0f769c680a46c5822b1,88a38abbb4f01801858422667be852d38397281938b88ccfe1b604a2fc02c7be,NOC,NOC261120P00410000,buy_to_open,A,market,1,0.05,5.0,2.525,,,2026-10-01T01:17:50,,,working,,,,"Tradier sandbox quotes are delayed ~15 minutes and fills are simulated against them, so a measured cost BELOW the model is the direction the measurement error already points and is weak evidence; a measured cost ABOVE the model runs against the bias.",,,,
00000071,2026-10-01T01:19:56,fill,f3_bear_puts,c10a70e074ccbc31ad2b412fb08bf00e06cdc45a0987d726be674ac1db6129e8,88a38abbb4f01801858422667be852d38397281938b88ccfe1b604a2fc02c7be,b4e36943b723c8f0f651a794f2502ea2779da50365928764334396526a033361,GIS,GIS261120P00027500,buy_to_open,B,market,1,0.15,0.3,0.225,0.225,,2026-10-01T01:18:52,,,working,B-fallback,,,"Tradier sandbox quotes are delayed ~15 minutes and fills are simulated against them, so a measured cost BELOW the model is the direction the measurement error already points and is weak evidence; a measured cost ABOVE the model runs against the bias.",,,,
00000072,2026-10-01T01:19:56,fill,f3_bear_puts,c10a70e074ccbc31ad2b412fb08bf00e06cdc45a0987d726be674ac1db6129e8,b4e36943b723c8f0f651a794f2502ea2779da50365928764334396526a033361,d5c01cf36370144c8d44cd97605bac4203c3e844915ecb29582fe219a9506a86,WMT,WMT261120P00090000,buy_to_open,B,market,1,0.33,0.71,0.52,0.52,,2026-10-01T01:19:55,,,working,B-fallback,,,"Tradier sandbox quotes are delayed ~15 minutes and fills are simulated against them, so a measured cost BELOW the model is the direction the measurement error already points and is weak evidence; a measured cost ABOVE the model runs against the bias.",,,,
00000073,2026-10-02T01:43:46,fill,f3_bear_puts,c10a70e074ccbc31ad2b412fb08bf00e06cdc45a0987d726be674ac1db6129e8,d5c01cf36370144c8d44cd97605bac4203c3e844915ecb29582fe219a9506a86,54fb236063297e34ab99bb0f35d09cf35b1a2a5c3a1c9b2ab04b25c1891fc9bb,LOW,LOW261120P00155000,buy_to_open,B,market,1,1.2,1.4,1.3,1.3,,2026-10-02T01:42:40,,,working,B-fallback,,,"Tradier sandbox quotes are delayed ~15 minutes and fills are simulated against them, so a measured cost BELOW the model is the direction the measurement error already points and is weak evidence; a measured cost ABOVE the model runs against the bias.",,,,
00000074,2026-10-02T01:43:46,fill,f3_bear_puts,c10a70e074ccbc31ad2b412fb08bf00e06cdc45a0987d726be674ac1db6129e8,54fb236063297e34ab99bb0f35d09cf35b1a2a5c3a1c9b2ab04b25c1891fc9bb,5260db8666d1de9fa76f2d6e7d2fb131c5d3f52796f2410c5d0aabc5db8e00f6,CMCSA,CMCSA261120P00018000,buy_to_open,B,market,1,0.15,0.33,0.24,0.24,,2026-10-02T01:43:44,,,working,B-fallback,,,"Tradier sandbox quotes are delayed ~15 minutes and fills are simulated against them, so a measured cost BELOW the model is the direction the measurement error already points and is weak evidence; a measured cost ABOVE the model runs against the bias.",,,,
00000075,2026-10-02T01:43:46,fill,f3_bear_puts,c10a70e074ccbc31ad2b412fb08bf00e06cdc45a0987d726be674ac1db6129e8,5260db8666d1de9fa76f2d6e7d2fb131c5d3f52796f2410c5d0aabc5db8e00f6,0683d25f27e5ba1d27fae1e04d7859f6d2d15422dffb2b197e3e213f25bae9fe,HD,HD261120P00240000,buy_to_open,A,market,1,1.0,1.59,1.295,,,2026-10-02T01:43:45,,,working,,,,"Tradier sandbox quotes are delayed ~15 minutes and fills are simulated against them, so a measured cost BELOW the model is the direction the measurement error already points and is weak evidence; a measured cost ABOVE the model runs against the bias.",,,,
00000076,2026-10-03T01:12:16,fill,f3_bear_puts,c10a70e074ccbc31ad2b412fb08bf00e06cdc45a0987d726be674ac1db6129e8,0683d25f27e5ba1d27fae1e04d7859f6d2d15422dffb2b197e3e213f25bae9fe,23f722482c5b40dfbec7891c6050bfaba5714ca5c6c11a3b7482ebf200d7878d,NKE,NKE261120P00030000,buy_to_open,A,market,1,0.36,0.4,0.38,,,2026-10-03T01:12:13,,,working,,,,"Tradier sandbox quotes are delayed ~15 minutes and fills are simulated against them, so a measured cost BELOW the model is the direction the measurement error already points and is weak evidence; a measured cost ABOVE the model runs against the bias.",,,,
00000077,2026-10-03T01:12:16,fill,f3_bear_puts,c10a70e074ccbc31ad2b412fb08bf00e06cdc45a0987d726be674ac1db6129e8,23f722482c5b40dfbec7891c6050bfaba5714ca5c6c11a3b7482ebf200d7878d,856c639fd05f5f743ff50c5c4bdf554c4153c73f9864094616c52e7ef14b76ef,LOW,LOW261120P00155000,buy_to_open,A,market,1,1.25,1.35,1.3,,,2026-10-03T01:12:14,,,working,,,,"Tradier sandbox quotes are delayed ~15 minutes and fills are simulated against them, so a measured cost BELOW the model is the direction the measurement error already points and is weak evidence; a measured cost ABOVE the model runs against the bias.",,,,
00000078,2026-10-03T01:12:16,fill,f3_bear_puts,c10a70e074ccbc31ad2b412fb08bf00e06cdc45a0987d726be674ac1db6129e8,856c639fd05f5f743ff50c5c4bdf554c4153c73f9864094616c52e7ef14b76ef,b4d59c1a48306c0bcc323962af42f8e92a074e9cda446fbe30d7bfd4734f8504,KMB,KMB261120P00080000,buy_to_open,A,market,1,0.0,0.75,0.375,,,2026-10-03T01:12:16,,,working,,,,"Tradier sandbox quotes are delayed ~15 minutes and fills are simulated against them, so a measured cost BELOW the model is the direction the measurement error already points and is weak evidence; a measured cost ABOVE the model runs against the bias.",,,,
