as_of,index_ret,bench_ret,active_ret,n_positions,n_priced,inception
2026-08-03,0.0172942154,0.0142430692,0.0030511461,10,10,2026-08-03
2026-08-04,0.0404483143,0.0325288141,0.0079195002,10,10,2026-08-03
2026-08-05,0.0322393165,0.0304673172,0.0017719993,10,10,2026-08-03
2026-08-07,0.0339379747,0.0351123784,-0.0011744037,10,10,2026-08-03
2026-08-10,0.0296904459,0.0348044925,-0.0051140466,10,10,2026-08-03
2026-08-11,0.0,0.0,0.0,78,78,2026-08-03
2026-08-12,0.0028730039,0.0014382633,0.0014347406,68,68,2026-08-03
2026-08-13,0.0071623006,0.0079586386,-0.000796338,67,67,2026-08-03
2026-08-14,0.0103557565,0.0057504468,0.0046053097,68,68,2026-08-03
2026-08-17,0.0068208126,0.0011479307,0.0056728819,68,68,2026-08-03
2026-08-18,0.0058392242,-0.005558401,0.0113976251,68,68,2026-08-03
2026-08-19,0.0010072526,-0.0034790813,0.004486334,68,68,2026-08-03
2026-08-20,-0.0039192537,-0.0118497223,0.0079304686,68,68,2026-08-03
2026-08-21,0.0042545949,-0.0075243344,0.0117789294,68,68,2026-08-03
2026-08-24,0.0075275641,-0.0104406358,0.0179681998,68,68,2026-08-03
2026-08-25,0.0066072522,-0.007278069,0.0138853212,68,68,2026-08-03
2026-08-27,0.0068544946,-0.0070577262,0.0139122208,68,68,2026-08-03
2026-08-29,-0.0021151742,-0.0027733991,0.0006582249,68,68,2026-08-03
2026-09-01,-0.0086447856,-0.0121717039,0.0035269183,69,68,2026-08-03
2026-09-02,0.0016460621,-0.0076425715,0.0092886336,68,67,2026-08-03
2026-09-03,0.014267166,0.0027114207,0.0115557453,69,68,2026-08-03
2026-09-04,0.0065420777,-0.0011532922,0.0076953699,69,68,2026-08-03
2026-09-08,-0.0074492548,-0.006454459,-0.0009947958,69,68,2026-08-03
2026-09-09,-0.0079166111,-0.011219495,0.0033028839,68,67,2026-08-03
2026-09-10,-0.0106335078,-0.0168342198,0.006200712,69,68,2026-08-03
2026-09-11,-0.0071808642,-0.0084533812,0.001272517,69,68,2026-08-03
2026-09-14,-0.0042208395,-0.0125712124,0.0083503729,69,68,2026-08-03
2026-09-15,-0.0059197988,-0.0170184902,0.0110986914,69,68,2026-08-03
2026-09-16,-0.0142990734,-0.021353322,0.0070542486,69,68,2026-08-03
2026-09-17,-0.0085354712,-0.0102275754,0.0016921042,68,67,2026-08-03
2026-09-18,-0.0108903005,-0.011180075,0.0002897745,69,68,2026-08-03
2026-09-21,-0.0074961018,0.0040889836,-0.0115850854,66,65,2026-08-03
2026-09-22,-0.0116502826,0.003855044,-0.0155053266,68,67,2026-08-03
2026-09-23,-0.0184119394,-0.0033748723,-0.0150370672,68,67,2026-08-03
2026-09-24,-0.0198982343,-0.0039905952,-0.0159076391,69,68,2026-08-03
2026-09-25,-0.0158937067,0.0014723471,-0.0173660538,68,67,2026-08-03
2026-09-26,-0.0158937067,0.0014723471,-0.0173660538,68,67,2026-08-03
2026-09-29,-0.0246481947,-0.0078107634,-0.0168374313,68,67,2026-08-03
2026-09-30,-0.0246481947,-0.0078107634,-0.0168374313,68,67,2026-08-03
2026-10-01,-0.0283977537,-0.0098491527,-0.018548601,68,67,2026-08-03
2026-10-02,-0.013608086,-0.006282386,-0.0073257,87,86,2026-08-03
2026-10-03,-0.012867581,0.0008806444,-0.0137482255,87,86,2026-08-03
