alert_id,ticker,occ_symbol,opt_right,strike,expiry,contracts,state,alert_ts,entry_ts,entry_premium,exit_ts,exit_premium,exit_reason,pnl_pct,pnl_dollars
1,TGT,TGT260918C00160000,call,160.0,2026-09-18,1,closed,2026-08-03 17:57,2026-08-04T13:46:15.812Z,3.55,2026-08-24T21:13:11,10.0,target,1.8169014085,645.0
2,MET,MET261016C00100000,call,100.0,2026-10-16,1,closed,2026-08-07 00:43,2026-08-07T13:47:15.596Z,4.6,2026-08-11T21:30:37,2.45,stop,-0.4673913043,-215.0
3,ETN,ETN261016C00500000,call,500.0,2026-10-16,1,closed,2026-08-07 00:43,2026-08-07T13:46:09.979Z,16.1,2026-08-19T21:10:20,4.7,stop,-0.7080745342,-1140.0
4,SBUX,SBUX261016C00115000,call,115.0,2026-10-16,1,closed,2026-08-14 14:21,2026-08-17T15:31:04.683Z,2.2,2026-08-21T21:03:38,0.97,stop,-0.5590909091,-123.0
5,FDX,FDX261016C00350000,call,350.0,2026-10-16,1,closed,2026-08-14 17:32,2026-08-17T15:31:04.625Z,9.05,2026-08-21T22:01:22,4.05,stop (marked; exit order rejected),-0.5524861878,-500.0
6,DE,DE261016C00650000,call,650.0,2026-10-16,1,skipped,2026-08-21 18:43,,,,,,,
7,HCA,HCA261016C00430000,call,430.0,2026-10-16,1,skipped,2026-08-21 20:34,,,,,,,
8,JNJ,JNJ261016C00290000,call,290.0,2026-10-16,1,closed,2026-08-24 16:44,2026-08-25T13:51:13.325Z,4.5,2026-09-01T00:06:35,2.14,stop (marked; exit rejected),-0.5244444444,-236.0
9,JNJ,,call,,,1,skipped,2026-09-03 19:59,,,,,,,
10,MET,,call,,,1,skipped,2026-09-04 16:56,,,,,,,
11,NVDA,NVDA261023C00245000,call,245.0,2026-10-23,1,closed,2026-09-04 16:56,2026-09-08T14:33:31.348Z,5.5,2026-09-11T22:48:45,2.64,stop,-0.52,-286.0
12,JNJ,,call,,,1,skipped,2026-09-04 16:56,,,,,,,
13,DELL,,call,,,1,skipped,2026-09-07 18:19,,,,,,,
14,ELV,ELV261120C00420000,call,420.0,2026-11-20,1,skipped,2026-09-10 17:04,,,,,,,
15,AAPL,AAPL261120C00355000,call,355.0,2026-11-20,1,open,2026-09-11 17:07,2026-09-14T15:03:53.331Z,7.6,,,,,
16,ELV,,call,,,1,skipped,2026-09-11 22:44,,,,,,,
17,DELL,DELL261120C00670000,call,670.0,2026-11-20,1,skipped,2026-09-11 22:44,,,,,,,
18,ELV,,call,,,1,skipped,2026-09-14 18:47,,,,,,,
19,GOOGL,GOOGL261120C00375000,call,375.0,2026-11-20,1,skipped,2026-09-14 22:38,,,,,,,
20,TMO,TMO261120C00650000,call,650.0,2026-11-20,1,skipped,2026-09-16 21:32,,,,,,,
21,ABBV,ABBV261120C00280000,call,280.0,2026-11-20,1,open,2026-09-18 22:43,2026-09-21T13:49:57.251Z,6.4,,,,,
22,AAPL,AAPL261120C00355000,call,355.0,2026-11-20,1,open,2026-09-18 22:43,2026-09-21T13:49:57.266Z,6.8,,,,,
23,ANET,ANET261120C00230000,call,230.0,2026-11-20,1,open,2026-09-18 22:43,2026-09-21T14:25:21.258Z,8.5,,,,,
24,ETN,,call,,,1,skipped,2026-09-18 22:43,,,,,,,
25,KMI,,call,,,1,skipped,2026-09-18 22:43,,,,,,,
26,ABBV,ABBV261120C00280000,call,280.0,2026-11-20,1,open,2026-09-21 18:53,2026-09-22T14:22:21.588Z,6.25,,,,,
27,AMD,AMD261120C00690000,call,690.0,2026-11-20,1,skipped,2026-09-21 18:53,,,,,,,
28,PM,PM261120C00190000,call,190.0,2026-11-20,1,skipped,2026-09-23 21:40,,,,,,,
29,ANET,ANET261120C00230000,call,230.0,2026-11-20,1,open,2026-09-25 21:43,2026-09-28T14:16:17.359Z,8.75,,,,,
30,ABBV,ABBV261120C00280000,call,280.0,2026-11-20,1,open,2026-09-28 20:12,2026-09-29T13:59:24.719Z,6.3,,,,,
31,ABBV,ABBV261120C00280000,call,280.0,2026-11-20,1,open,2026-09-29 00:31,2026-09-29T13:59:24.688Z,6.3,,,,,
32,NVDA,NVDA261120C00250000,call,250.0,2026-11-20,1,rejected,2026-10-01 18:59,2026-10-02T00:15:48,,,,,,
33,NVDA,NVDA261120C00250000,call,250.0,2026-11-20,1,submitted,2026-10-02 18:35,2026-10-03T00:00:40,,,,,,
