date,valquo_pct,spy_pct,excess_pp,n_priced
2026-07-31,0.4126,0.6903,-0.2777,86.0
2026-08-06,0.776,3.6228,-2.8468,86.0
2026-08-13,4.25,4.88,-0.62,86.0
2026-08-17,6.9705,4.1769,2.7936,86.0
2026-08-18,4.4237,3.4732,0.9505,86.0
2026-08-19,6.3396,3.6902,2.6494,86.0
2026-08-20,5.2698,2.8192,2.4506,85.0
2026-08-21,5.9702,3.2399,2.7303,85.0
2026-08-24,4.1572,2.9365,1.2206,85.0
2026-08-25,4.3836,3.2655,1.118,85.0
2026-08-26,4.8598,3.2884,1.5713,85.0
2026-08-27,4.95,3.9653,0.9847,85.0
2026-08-28,3.2183,3.7293,-0.5111,85.0
2026-08-31,3.4833,3.4192,0.0641,85.0
2026-09-01,3.3862,2.7087,0.6775,85.0
2026-09-04,4.9264,3.8426,1.0838,85.0
2026-09-14,3.0486,2.5873,0.4612,84.0
2026-09-15,3.2396,2.1168,1.1228,85.0
2026-09-21,4.0964,4.5478,-0.4514,85.0
2026-09-23,4.6437,3.7788,0.865,85.0
2026-09-24,4.5147,3.6936,0.8211,85.0
2026-09-25,4.8831,4.2572,0.6259,85.0
2026-09-28,4.2317,3.4814,0.7503,85.0
2026-09-29,4.3591,3.2908,1.0683,85.0
2026-09-30,3.5946,3.0786,0.516,85.0
2026-10-01,4.8782,3.2624,1.6158,85.0
2026-10-02,6.1633,4.0261,2.1372,85.0
